x1,x2,x3,x4,x5,x6,x7,x8,x9,x10,x11,x12,x13,x14,x15,x16,x17,x18,x19,x20,x21,x22,x23,x24,x25,x26,x27,x28,x29,x30,x31,x32,x33,x34,x35,x36,x37,x38,x39,x40,x41,x42,x43,x44,x45,x46,x47,x48,x49,x50,x51,x52,x53,x54,x55,x56,x57,x58,x59,x60,x61,x62,x63
0.002218123045094722,0.003151033659880116,0.00023368904772254201,0.0002762507130936462,-2.5675916608751778e-5,-6.605798237520112e-5,0.00017130530743899653,0.00023783346951021135,0.0001797254340897458,0.0006730695976199017,0.0005352257641718307,0.00037065792170883484,0.00020682199235738397,0.0040387364060844476,0.0003343955396084416,0.0002610188389319664,1.482245353310526e-5,0.001344667956140296,0.004656567572088258,0.003927796294844802,0.00010026346676388144,5.5998004512312183e-5,0.00011487925493149808,0.00029170307477005694,0.0002778238973672842,-1.5805483660785327e-5,3.3643655365407304e-5,0.005210811582691118,0.0007729708247502481,0.0007586348447449105,-3.345200156365388e-5,0.00015975095430923125,0.0002891687524982285,0.00035673632858878755,0.0003884033783468623,0.00037995374910267874,0.0055270784798584225,-5.236423348520396e-5,9.624347100504217e-5,0.0001968234361252096,0.00478450775538418,0.0003747664466132745,0.0005685014419660265,6.854427296839955e-5,-2.710929939578435e-5,-3.792767560541923e-5,0.00016341295734110587,0.0006314023464103067,0.00556438455822292,0.0008090872796360415,0.0003053709787074302,0.0007078310058148321,0.00225860539064696,0.0014740410093428626,-1.8006862835812967e-5,-0.00016441505787540337,1.6575000639638438e-5,0.0053100801304389565,0.00017345711105035006,-0.00015693760691717183,6.835872526023158e-6,8.714265252154086e-5,0.0031015420074860297
0.00315103365988012,0.004480677563910663,0.00030660547187462493,0.00036353608118462155,-2.6140516664312933e-5,-8.607755368475642e-5,0.00022367085115688616,0.0003144397741387082,0.00023781127974877348,0.000909423776853218,0.00073120639173337,0.0005136017254997031,0.00029360694538090113,0.005749322417939162,0.00044557087270349433,0.00034980664435158194,1.9637849588404526e-5,0.001908919875665443,0.006736846295504396,0.00571606743097264,0.0001296539920834359,7.417194613677403e-5,0.00015209919347491978,0.0003846613918459099,0.00036690475282549474,-2.251006189707954e-5,4.196347591899998e-5,0.007505108136282989,0.0010216258026414249,0.0010143655076146206,-8.085701878895757e-5,0.00016911186269510982,0.0003748204894139814,0.00046691587707612157,0.000511897728546478,0.0005036072933417804,0.00793300309618364,-7.340487710512549e-5,0.00011771838294257816,0.00025094369002887676,0.006820936820441939,0.00045748270880425275,0.0007240460953883179,0.00010512686520010099,-3.44805912744721e-5,-5.0406078381136656e-5,0.00023179445938669902,0.0008958982225070551,0.00796455005373526,0.001267158001621293,0.0005267874093968263,0.0009217721788528062,0.003352608171359976,0.0022291887274784564,3.7174364101887705e-5,-0.0002038821865345029,2.4898063839850718e-5,0.007583754765358518,0.00023427545812978792,-0.00022625897501996054,1.1823538846463786e-6,0.00011949864183305928,0.004550212798997986
0.00023368904772254226,0.00030660547187462433,0.014825067554623386,0.013892229414592446,0.0009124958209050793,0.0010311460273435893,0.015047730300502275,0.007953687306528547,0.005556632334708217,-5.167891578281873e-5,6.781978802131969e-5,0.00025441091777875935,0.0004826949004405008,0.0003540821414122551,0.00028731846073742884,0.0011202675445020982,0.00040422219108276656,0.00015031518609301807,1.9371262551913138e-5,-3.482182034146464e-5,0.014583623361890135,0.0015660385756595897,0.003349033203336463,0.01233767684020726,0.010292206641776136,0.011901134167850628,0.013491991538481818,0.00010092012785615344,-5.9090717081908696e-5,-9.286461351433013e-5,0.00047903750393720607,0.0004074053249846019,7.263749640368178e-5,-0.0001907001367766135,-0.0003017493373061117,-0.00016878316918989548,0.0001930044827462297,0.001041042477078661,0.0007019451003538651,0.0003968069908182064,0.0003659944484126491,0.0002944825257326899,0.00016101102524527334,0.0007161279518967333,0.007891488596620028,0.009974267569479698,1.953400122872125e-5,7.359691871239589e-5,0.0002778523701729737,0.00015643903983971692,0.00027307783382163423,3.37221996101889e-5,-1.91013799466753e-5,5.319409921620031e-5,0.0003820190771730988,0.00046240849952628284,0.0058291156478460565,0.00033913749769961475,0.002347309308102478,0.0004977238038112797,0.0009282975643434886,0.0039415785109119545,-4.942434465669131e-5
0.0002762507130936464,0.0003635360811846213,0.013892229414592441,0.013093338853952814,0.000992975261319688,0.0011630635111195343,0.01402026230275659,0.0075726615787331565,0.005302151403681287,-8.107050706463248e-5,3.218967488249766e-5,0.0002269705148531546,0.00047869144903326093,0.0004215272711271151,1.827766089050157e-5,0.0006865023732994973,0.0003871396097861817,0.0001773042034207386,3.249243438309847e-5,-3.583023836559994e-5,0.01348115588059809,0.0014987075326154183,0.0032010994259051417,0.011673157126581764,0.00977195456856427,0.01076380677814904,0.012352561389865268,0.00013111362182488174,-4.5157542708668575e-5,-0.00010435206689575024,0.0005785154808474097,0.0005061306694063468,0.0002612109344245839,-7.34253184915684e-5,-0.00028757830214823756,-0.0002855953193745562,0.00024019123292002098,0.0012212360768389904,0.0009370750447606855,0.0006239669518295333,0.00043811803409085734,0.0003823245392972032,0.00022902857205170772,0.0007493557034033574,0.006876536699959262,0.00887902977218623,2.2985924600370148e-5,8.667947416595108e-5,0.00033908453017172035,0.00016703766511879325,0.0003034872558509841,7.57529613824672e-5,-2.9784222089102847e-5,4.944665598655602e-5,0.0004347412460783962,0.0005363842420525672,0.004928199543410137,0.00040912174440146037,0.0017463966565545554,0.000588299980228736,0.001145524473117298,0.003181600030905439,-5.897463265770512e-5
-2.5675916608752045e-5,-2.6140516664313333e-5,0.0009124958209050801,0.0009929752613196887,0.009139089038149938,0.009310389928356288,0.0007499860643461697,0.0007323729337177733,0.0005361184890960908,0.005233607129639952,0.006245548735672577,0.007195380564077044,0.00802638506476719,-1.738397692665786e-5,0.0021727843240614067,0.0013180801320198728,4.1983358527255005e-5,-1.9044780936306506e-5,0.00015209320522464035,0.00015020676176553634,0.0005269408215179339,0.00016023671558022877,0.0003344616166314729,0.0009836940455710652,0.0008907504986587748,4.253311023026687e-5,0.0002769368684603629,0.00013435755302911189,0.0032418724719101228,0.004215391073313171,0.00014703784903363252,0.0004833281088804343,0.006483500125955908,0.005393862416345706,0.004267624518710922,0.0031730910345355245,0.00010346838949477373,0.009237345379844547,0.008286919884590876,0.007468485350442806,1.9495288392211847e-6,0.000962777289819804,0.0015894753638764283,0.008679027607050587,-0.00019065769574198508,-0.00012901127400083065,-2.8182354076104073e-6,-1.0145779484638017e-5,6.6661517386968e-5,-6.94326924809093e-5,-0.00013776255659640377,0.0023558538078561676,7.534576621878776e-5,7.091244356493864e-6,-0.00017616217965128522,-0.00015924108862772724,-0.00010074797856987963,3.105544925450866e-5,0.000645077395440215,-6.004972350963963e-5,0.008888279961340936,0.00017212903308829006,0.0001246704732920814
-6.605798237520078e-5,-8.607755368475719e-5,0.0010311460273435885,0.0011630635111195334,0.009310389928356299,0.009902393272114684,0.0008023821396741815,0.0009100046906482826,0.0006735353399193413,0.004100331435280734,0.005234615591329037,0.006390344076449608,0.007502093127034338,-9.759511686032883e-5,0.0032462084584216804,0.002124232137971505,5.367746146687038e-5,-4.2563747346385764e-5,7.834023986740316e-5,0.00011220245992027272,0.0005109800126687778,0.00020415620750587169,0.00042366486601310127,0.0011820066629488729,0.001090890520667495,-5.4052628074170286e-5,0.00020595910070988452,3.418703372986321e-5,0.0021101685832852685,0.0030440856595451513,-0.00018315442901452666,-2.4985521230590185e-5,0.008180448617491981,0.007046919671027423,0.005789315590829649,0.004493760418314473,-1.1788589834777786e-5,0.01016765100601562,0.009778527492670585,0.009111881036043271,-9.677533083248605e-5,0.0002667503397593598,0.000713870817766798,0.008500243429124693,-0.0001967338452576406,-0.0002074257231178051,-5.52632820196162e-6,-2.0831948942640576e-5,-5.221244363190664e-5,1.790519401550252e-5,-6.314330164629349e-5,0.0013284870345529924,0.00011820088145786833,8.09931268448862e-5,-0.00014746517019507028,-0.00021393128908647288,2.4176098049574435e-5,-8.152276401509226e-5,0.0011898285937916272,-0.00023586337161469193,0.01013847125890916,0.0004840649993440081,0.00012760612949097767
0.00017130530743899656,0.00022367085115688605,0.01504773030050227,0.014020262302756586,0.0007499860643461688,0.0008023821396741819,0.015405520571726923,0.007923592495326046,0.005520379580395196,-1.1262116062587453e-5,0.00010445598398552204,0.0002660135937062732,0.0004491825098321409,0.0002566169473218697,0.0006891645850325122,0.0016763045892431681,0.00039973101856570796,0.00011057590678363686,5.124628135253267e-6,-3.0239538437957018e-5,0.015057765306596109,0.0015501281201604246,0.0033201187392090997,0.012385928112064149,0.010288709784202425,0.012611881312513992,0.01409447533020876,6.255732689952477e-5,-6.377915210780315e-5,-6.781585364304258e-5,0.00033769149785360984,0.00027326418491203203,-0.00011411475202648709,-0.0002610184889336771,-0.00022721376560716621,6.771362754167183e-5,0.00012971330005714303,0.0007591661334780285,0.00039378576349683066,0.00012969548239002027,0.0002628658471745013,0.00018159324588380146,8.045967217160124e-5,0.0006220170745168706,0.008723270031144828,0.010764716771927063,1.4425211884772416e-5,5.427177862759861e-5,0.00019321510672241736,0.00013274697202003677,0.000219301647640642,-8.548676827962864e-6,-6.179533754357617e-6,5.288728065907375e-5,0.00029626415401224325,0.0003481950619772656,0.006657594901307436,0.00024047412190492015,0.003032704677498459,0.0003636748476796589,0.0006170517312624954,0.004720282818673759,-3.5016794688402436e-5
0.0002378334695102116,0.00031443977413870785,0.007953687306528545,0.007572661578733159,0.0007323729337177724,0.0009100046906482832,0.007923592495326046,0.004473044440977537,0.0031455614874526584,-8.588409482449768e-5,-2.540741714095473e-5,0.00010632017999020861,0.00029507325768854625,0.0003668794894863375,-0.00020291975397866276,3.92338135396019e-5,0.00023136125831331572,0.0001521287552677927,4.1634378565671976e-5,-2.271493169360398e-5,0.007497637839516537,0.0008943023051970844,0.0019055107725164844,0.006810258120454688,0.005739949583003804,0.005713362385729618,0.006731686476688586,0.00012930150168439944,4.832051789959794e-7,-7.372261099591705e-5,0.0005119138479713937,0.00046655320463007534,0.0004551278987219719,0.00016708410728354103,-8.214282281031878e-5,-0.0002264926047895693,0.00022330393473458121,0.001014172423043227,0.0009200056005259898,0.0007217940418425841,0.0003845566062837446,0.0003741314716044674,0.0002500663785244622,0.0005150711086087109,0.003354018809664328,0.004549787564383025,1.9648104965322213e-5,7.419573925861247e-5,0.0003063938709578628,0.00012009253124312368,0.00023498017036819931,0.00011682564835526643,-3.4288790552961494e-5,2.53086934055293e-5,0.0003505216567575377,0.00044615354670949047,0.0022317773658703426,0.00036334789887937954,0.0005296067304033991,0.0005039553229640159,0.0010205978438034362,0.0012702010431656942,-5.043611649249477e-5
0.00017972543408974596,0.00023781127974877324,0.005556632334708215,0.005302151403681289,0.0005361184890960903,0.0006735353399193418,0.005520379580395196,0.0031455614874526584,0.002214196959026525,-6.594161449419066e-5,-2.515106400934316e-5,6.942120505301206e-5,0.00020791366865901282,0.00027777764949470356,-0.00016384536256786126,-1.6630521795716656e-5,0.00016310209796468165,0.00011489078120423554,3.338384437082675e-5,-1.596749865195641e-5,0.005205507813024383,0.0006302566671831479,0.001342221398011504,0.004776866007867675,0.004032021221251983,0.0039259061171029305,0.0046529231035198956,9.998023991370278e-5,6.28246955773378e-6,-5.2632336466543e-5,0.00038839833504271024,0.00035644460330007833,0.00037298739122781823,0.00015818225646604673,-3.450264722101122e-5,-0.0001572357842712624,0.00017100667672700017,0.0007585282128590047,0.0007065380434475864,0.0005668267594222963,0.0002915952744031655,0.00028862970998521633,0.0001961405147359381,0.0003717643250207903,0.0022596309251035522,0.0031012728674149758,1.4828708339926588e-5,5.6010497280449614e-5,0.000233502783076966,8.758567119821971e-5,0.00017398132863541624,9.554668553218082e-5,-2.6967876775032342e-5,1.6880894773060628e-5,0.0002615478429882951,0.00033482212452131045,0.0014758849684144092,0.00027608016063644046,0.0003073191389074641,0.0003802008500724915,0.0007722393619079649,0.0008112263449003143,-3.795469437680797e-5
0.0006730695976199042,0.000909423776853218,-5.167891578281901e-5,-8.10705070646328e-5,0.005233607129639953,0.004100331435280737,-1.1262116062587687e-5,-8.588409482449791e-5,-6.594161449419083e-5,0.009896843159022164,0.00930534729399703,0.008496005802013814,0.007498859452438969,0.0010900893268270529,-0.00021374739391792738,-0.0001475514340466246,-5.522129551861308e-6,0.0004233511540592755,0.00020554657481668687,-5.421536526928301e-5,3.4707294898947484e-5,-2.0813547717039894e-5,-4.2508465127932155e-5,-9.640928480053136e-5,-9.734909607347031e-5,0.00011247997973973309,7.876772312298857e-5,0.0005103705443909006,0.010132881413891454,0.01016189848967638,0.0057878003331001595,0.007044465303466413,0.00026836542507662837,-2.3674877575519676e-5,-0.00018222900048095442,-0.00023533625553531776,0.0008016396214358427,0.0030449058726765565,0.001330196334869166,0.0007156412533127235,0.0011811805811877071,0.008177009049239055,0.009107524442099495,0.0063882233778284,0.00011814297014271507,0.00012772009864621018,5.363042305958862e-5,0.000203973113582478,0.0010303040974877905,0.00048466289629002534,0.001190369816988965,0.009773426801373655,-0.00019638403474124734,2.4685444971198016e-5,0.002124550323543486,0.003246110404457895,8.081544370094201e-5,0.0011621816937193424,-6.336254931762288e-5,0.004493046359051183,0.002111565986366389,1.7650740421726628e-5,-0.0002073308591851185
0.0005352257641718323,0.0007312063917333713,6.781978802131886e-5,3.218967488249667e-5,0.006245548735672586,0.0052346155913290384,0.00010445598398552144,-2.5407417140955583e-5,-2.5151064009343812e-5,0.00930534729399703,0.009134790946398708,0.008675671559096765,0.008024118198602503,0.000889264834090482,-0.00015834136628911988,-0.0001757138200149662,-2.7779071305406924e-6,0.00033388466956187643,0.00027631384261616703,4.228036059860751e-5,0.00013519984587685588,-9.99372699784748e-6,-1.8727033003418414e-5,3.0097476844758317e-6,-1.6479258866206868e-5,0.00015054436930335088,0.00015269629209264496,0.0005259592244796305,0.008882603668257123,0.009231837120685904,0.004264834705481312,0.0053902038911797095,0.0009654742588350708,0.0004856972546813912,0.00014895542993745073,-5.864680604642113e-5,0.0007487218927497983,0.00421722437987529,0.0023586168551983787,0.0015923228247119421,0.0009821104848018022,0.006479039078899093,0.007463373789909085,0.007194260859063456,7.52721823348227e-5,0.0001247771954420817,4.1902846334069456e-5,0.00015993020971937427,0.0009109583402265641,0.00017237850231457594,0.0006450308920003832,0.008281389304870886,-0.00019036552769199897,-0.0001004003795055168,0.0013175567535579683,0.002171620448219533,6.957517839450097e-6,0.000991346876254097,-0.00013764078863237283,0.003171155684635426,0.003244299832243975,-6.951621002158957e-5,-0.00012895071612895802
0.0003706579217088362,0.0005136017254997016,0.0002544109177787603,0.00022697051485315558,0.007195380564077037,0.006390344076449603,0.000266013593706274,0.00010632017999020945,6.942120505301268e-5,0.008496005802013814,0.008675671559096761,0.008645132172771724,0.008346680251444766,0.0006360300125005913,9.345949906839333e-5,-6.47563543078905e-5,4.385452209392195e-6,0.00022874158534198162,0.00029898630112665204,0.00011613234641766078,0.00025695314126467685,1.7534384920942212e-5,3.9378278546895694e-5,0.00018946394205718677,0.00014759691650348826,0.00016878577277722098,0.00022441729890762438,0.00047579379063561114,0.007468169675190113,0.008083732549648778,0.0028674410596583938,0.003817144504852037,0.0019764293780871497,0.0013073821587381133,0.0007693607175947706,0.00036669951936486205,0.000620459311869002,0.0054955260469847075,0.0036345585097363907,0.0027610050913448613,0.0007187822348685786,0.004805756048782694,0.005780052855712879,0.007863320624283483,1.1201387898861359e-5,9.459376941308669e-5,2.8351427536824344e-5,0.00010871901782479772,0.0007142032600052821,-2.1909507285159686e-5,0.00024582480716892286,0.00668501533556379,-0.00013868778730978485,-0.0001423476523146026,0.0006741723272633489,0.0012642800164205993,-6.699402926197745e-5,0.0007473278260999313,-0.00012835508960771532,0.0020039143170451955,0.004560724583753094,-0.00012101281738668226,-4.121634263284514e-5
0.00020682199235738438,0.00029360694538089994,0.0004826949004405011,0.00047869144903326115,0.008026385064767182,0.007502093127034342,0.0004491825098321409,0.00029507325768854636,0.00020791366865901282,0.007498859452438965,0.00802411819860249,0.008346680251444777,0.00847806629482015,0.00037457543737621336,0.0005667648205362286,0.00021384582089010946,1.5265438910136328e-5,0.00012522645555050973,0.00027766520961542915,0.00015858164992746534,0.0003790701297641044,5.903591831376894e-5,0.00012591458813575857,0.0004408329219808353,0.00037638800042161176,0.00015895319489874052,0.0002784648687888979,0.0003778298951376372,0.005993713799983736,0.006808596092863716,0.0016819768043455116,0.0024295874513403258,0.003277767225930011,0.0024335928151281118,0.0016853236907596696,0.0010582938452183709,0.00044759671341830265,0.006812600490479006,0.0051053412729114254,0.004182650516339064,0.00043884221029630657,0.0032732672664265655,0.004177870268835554,0.008347847628021716,-6.506203629943044e-5,3.734454306937184e-5,1.5173220540850573e-5,5.868913628586092e-5,0.0004807350077653844,-0.00011296910210914694,-8.037442420128376e-6,0.0051005479777447415,-6.489686672235228e-5,-0.00012361037039847233,0.00021276135342482232,0.0005649550585330205,-0.0001237650185776478,0.0004766501292910213,-7.551933668883907e-6,0.0010557068110855308,0.00599824981544265,-0.00011291361907449702,3.730533799918277e-5
0.004038736406084461,0.005749322417939161,0.0003540821414122556,0.0004215272711271156,-1.738397692665893e-5,-9.759511686032945e-5,0.00025661694732186975,0.0003668794894863379,0.0002777776494947038,0.0010900893268270544,0.0008892648340904777,0.0006360300125005929,0.00037457543737621276,0.007388913795438234,0.0005251068490153415,0.00041538726699022683,2.2977032994526518e-5,0.002444503506087241,0.008834088154108506,0.007550145379909523,0.00014679374596933357,8.67555807076722e-5,0.00017780422323284315,0.0004472558338028891,0.0004274607328864179,-2.869932179163707e-5,4.510191155286491e-5,0.009787108407571838,0.001188443359880156,0.00119891664070944,-0.00014850700740596007,0.00013145261633584735,0.00042551425037801535,0.0005371892968674478,0.0005945018272106982,0.00058934265470411,0.010300320216867756,-9.145695088558685e-5,0.0001227231646306283,0.00027834560922746046,0.00878117991380584,0.00047230035649443774,0.0007985774014928587,0.00014612675673256838,-3.802362095236595e-5,-5.913093009972849e-5,0.00029652117037205625,0.0011465260222027639,0.010305593041923378,0.001822335314620339,0.0008341650629119091,0.001050156758923386,0.004535625067377034,0.0030824902892237593,0.0001583664128931661,-0.0002037720190173677,3.376778722747022e-5,0.009785608470709906,0.00028102468189185597,-0.00028587676116396753,-1.0404254267362432e-5,0.00014613571294966947,0.00606971062100215
0.0003343955396084422,0.0004455708727034933,0.0002873184607374297,1.8277660890502268e-5,0.0021727843240614054,0.003246208458421683,0.0006891645850325131,-0.0002029197539786625,-0.00016384536256786107,-0.0002137473939179274,-0.0001583413662891182,9.345949906839078e-5,0.0005667648205362274,0.0005251068490153412,0.009160813806990367,0.00856012066236099,-1.4081556124308208e-5,0.00021263668910284056,8.134115027877129e-5,-2.1547942149529453e-5,0.0012357184579588419,-5.2967774322510736e-5,-0.00010759607784086627,-0.00013707032799395382,-0.00020229863976582236,0.0027600473399957987,0.0019291776270882707,0.00021260803532985334,8.841434805972053e-5,-0.00011420916448274549,0.0009263946464967846,0.0008997104027782063,0.008656030212378459,0.009225037220416503,0.009500631061157012,0.009465654632845141,0.0003473733733201134,0.004425870165173965,0.0067982635156007675,0.007828490167848846,0.0005575107062007579,0.0007808802251995154,0.0005838782440593121,0.0012660074365240654,0.0047321281199242385,0.003706112360340317,2.7280550459768946e-5,0.0001032712437969206,0.0004616567945557514,0.00015705320765409717,0.0003409947187897527,0.00033858737843315195,-6.336811116966338e-5,1.6215591455713327e-5,0.0005411814596487073,0.0007257999059044947,0.0057907626528563025,0.0005355312369150902,0.007771436511923231,0.0008630341674591333,0.005637134563688175,0.00682491659491203,-7.453863330513721e-5
0.0002610188389319665,0.00034980664435158113,0.001120267544502099,0.0006865023732994986,0.0013180801320198722,0.002124232137971501,0.0016763045892431681,3.923381353960301e-5,-1.6630521795715802e-5,-0.00014755143404662438,-0.00017571382001496514,-6.475635430789203e-5,0.00021384582089010933,0.00041538726699022645,0.008560120662360986,0.008382452658837594,-6.106384161120614e-6,0.00016527068974846656,8.538456673101213e-5,-1.9254340573257066e-6,0.0023493673710244323,-1.9855737154454637e-5,-2.9215863319141592e-5,0.00037083864277737404,0.0001611463466554223,0.003974913262607805,0.003124063944993368,0.00019085924188044353,0.00016941964178702012,-1.82711102993555e-5,0.0007423700426161868,0.0007512213417797083,0.006984761433959839,0.00771076717096309,0.008232659039703721,0.008521741904803913,0.0002954000566067092,0.0030586888936482708,0.005106860008709098,0.006098343556777085,0.00044547382617238685,0.0006871039511421866,0.0005552347361038825,0.0006751587970001558,0.005759428606376637,0.004867376649845913,2.1102413534404452e-5,8.002604650813845e-5,0.0003811406648986511,9.061756265906595e-5,0.00022857960042853347,0.0003730846898507867,-5.785694187573549e-5,-8.695794480081951e-6,0.00038648915262502097,0.0005408896701463807,0.006603890301176612,0.0004337513056317731,0.00794831994361483,0.0006669493662240597,0.0040725052238821825,0.007351476670922199,-5.381190135405481e-5
1.4822453533105275e-5,1.9637849588404506e-5,0.0004042221910827664,0.00038713960978618194,4.1983358527254964e-5,5.3677461466870434e-5,0.0003997310185657079,0.0002313612583133157,0.00016310209796468168,-5.522129551861294e-6,-2.7779071305406378e-6,4.385452209392146e-6,1.526543891013632e-5,2.2977032994526497e-5,-1.408155612430822e-5,-6.1063841611206845e-6,1.2044841226942816e-5,9.466545180135922e-6,3.0008090921884243e-6,-1.1603834158430015e-6,0.0003747276824881017,4.6519406850563344e-5,9.898715227235314e-5,0.0003498265181090933,0.00029598914684480636,0.00027766527164353,0.0003324199886766061,8.536415258636421e-6,1.2958532230396096e-6,-3.910970477131356e-6,3.221685167085937e-5,2.9878366184336442e-5,3.435793609533201e-5,1.7121516058636736e-5,8.572771312591605e-7,-1.0750635226926202e-5,1.4392071579523572e-5,6.144038809008059e-5,5.953651503625924e-5,4.9309529943522684e-5,2.4175054250749067e-5,2.454776389440269e-5,1.708886255538028e-5,2.8447339873393298e-5,0.00015436645488511912,0.0002162937291726964,1.2205654770136074e-6,4.6120427804336705e-6,1.9508351407786554e-5,6.82279208293248e-6,1.3891306525260743e-5,8.815781687490948e-6,-2.353602518576577e-6,1.110755636504068e-6,2.1141729118277343e-5,2.730908272287602e-5,9.745733138230564e-5,2.2960737760999302e-5,1.5116720336886843e-5,3.1264537468256984e-5,6.366077170170542e-5,5.0051737480138385e-5,-3.1051711931359432e-6
0.0013446679561402973,0.001908919875665444,0.00015031518609301796,0.00017730420342073846,-1.9044780936306327e-5,-4.256374734638581e-5,0.00011057590678363676,0.00015212875526779263,0.00011489078120423554,0.000423351154059276,0.00033388466956187584,0.00022874158534198178,0.00012522645555051038,0.002444503506087242,0.00021263668910284075,0.00016527068974846675,9.46654518013592e-6,0.0008156192747335105,0.002783510084735476,0.00233709137780157,6.516983626473929e-5,3.5770277801683165e-5,7.340485741261255e-5,0.00018694080504180904,0.0001778525212194756,-9.525215414548823e-6,2.2422346200408984e-5,0.0031256474694485604,0.0004940525821952319,0.000480849325217791,-7.962690875609325e-6,0.00011706034207774017,0.00018759825083157266,0.00022982340923161866,0.0002489703573680161,0.00024254767552862557,0.0033242908131719583,-3.1906424958215294e-5,6.497301526764532e-5,0.00012918772127289762,0.0028926858742484808,0.0002528279367096534,0.0003728978234508986,3.8832449962814916e-5,-1.78095167065226e-5,-2.415346500295556e-5,9.918072553985104e-5,0.0003831271265904369,0.0033538602158299196,0.0004531254136314705,0.00015600757906052137,0.00045719616528150717,0.0013229449297852349,0.0008503880278376351,-3.0041192205001917e-5,-0.0001079207408017125,9.55377125536479e-6,0.0032060369342666534,0.00010919045756622408,-9.258842142207866e-5,7.2293806368969285e-6,5.422342599755936e-5,0.0018337513519944369
0.004656567572088251,0.006736846295504388,1.9371262551912955e-5,3.2492434383098284e-5,0.00015209320522464038,7.834023986740349e-5,5.124628135253153e-6,4.1634378565671833e-5,3.3383844370826644e-5,0.0002055465748166867,0.00027631384261616666,0.0002989863011266515,0.00027766520961542947,0.008834088154108502,8.134115027877114e-5,8.538456673101183e-5,3.0008090921884154e-6,0.0027835100847354755,0.013641343479966843,0.012642216931391538,-6.771921682937887e-6,1.1154717366805687e-5,2.2248553559441166e-5,4.1551768204783676e-5,4.471691656935761e-5,-1.1562463986714954e-5,-1.3091921440647854e-5,0.014132745381331989,-4.287969493777307e-5,9.292738730794972e-5,0.00036133797960682143,-3.3318694767520474e-5,-2.4605875221607905e-5,5.559120326548727e-6,3.773051559423803e-5,6.468691179956101e-5,0.014101358737855046,1.54662762611746e-5,-4.741778492827701e-5,-4.4718462414062134e-5,0.01076311275738248,-0.00021860596817644694,-0.00024601518348766824,0.00022367865133428294,1.6049969782661295e-5,-1.4567696059308633e-6,0.00033271910590952235,0.0012937814314187403,0.013499801607836452,0.006196185768937378,0.004562653643489524,-0.00017026603262593906,0.00967536889031399,0.0079364997572661,0.0031204705352839814,0.0019260591324581746,3.7981369403302876e-5,0.012360369159458163,7.731895439661982e-5,0.0010065132329890507,-2.7712270773861054e-5,6.004116916169812e-5,0.011288876785247634
0.003927796294844809,0.005716067430972618,-3.482182034146486e-5,-3.583023836560019e-5,0.00015020676176553645,0.00011220245992027288,-3.0239538437957177e-5,-2.27149316936042e-5,-1.596749865195658e-5,-5.4215365269283484e-5,4.228036059860695e-5,0.0001161323464176607,0.00015858164992746512,0.007550145379909541,-2.1547942149529795e-5,-1.925434057326064e-6,-1.1603834158430157e-6,0.0023370913778015786,0.01264221693139151,0.012022813706499488,-2.223448535841339e-5,-4.49951920370502e-6,-9.633379304050307e-6,-3.3622495916310564e-5,-2.8938609397778868e-5,3.617437263768617e-7,-1.1579431381119437e-5,0.012862134179140358,-0.00023678633984053376,-0.0001559464954258126,0.000951618447066967,0.00037764042414086023,-6.987835777537372e-5,-7.070697633108801e-5,-6.019369156283193e-5,-4.2333077324904003e-5,0.012615591866614696,6.417855046684662e-5,-2.588479707281124e-5,-5.5100743605365784e-5,0.009279594780171442,5.13319166594359e-6,-0.0001958884091662712,0.00016841359187084947,2.045310855103653e-5,1.1743463543127615e-5,0.0002778286525161445,0.0010826351972187452,0.011905347916794378,0.006826689500577362,0.005348855621954262,-0.000263046654240296,0.009757414133605804,0.008327082578522644,0.0039723985836134755,0.0027577590086564656,2.4477275446270257e-5,0.010767975012766003,1.3337111590382664e-5,0.0017446384069641782,1.5581654503127333e-5,2.2322705532998758e-5,0.011011898509438466
0.00010026346676388156,0.00012965399208343577,0.014583623361890124,0.01348115588059808,0.0005269408215179337,0.0005109800126687781,0.015057765306596091,0.007497637839516532,0.00520550781302438,3.4707294898947647e-5,0.00013519984587685618,0.0002569531412646763,0.0003790701297641042,0.00014679374596933347,0.0012357184579588406,0.002349367371024432,0.00037472768248810145,6.516983626473935e-5,-6.771921682937813e-6,-2.2234485358413333e-5,0.014905245745932445,0.0014549432120130345,0.003122340852677746,0.011833536738994429,0.009777886897742788,0.012859295198865268,0.014127322036825079,2.3918366340532037e-5,-5.423480227257259e-5,-3.0388554165244852e-5,0.00018053689788401643,0.00012960046916076471,-0.00023494066458877867,-0.00022788229391442345,-1.9546334149995484e-5,0.00045293786059211514,6.263211476568374e-5,0.0004221896780949491,7.666738085237193e-5,-0.00011073701449680052,0.00014760043689564386,6.684614377277818e-5,5.649664043012636e-6,0.0004769973212498321,0.009327853195948808,0.011207924310254972,8.566178492019654e-6,3.213917878427669e-5,0.00010115946512382536,9.908267456823818e-5,0.00015043986365142,-3.919177266026646e-5,6.457570092807157e-6,4.7873479794479856e-5,0.00019153053442829784,0.00021326787922978382,0.007372772359022154,0.00013142077773172398,0.00378190534958448,0.00020993209518013666,0.00026880720996920866,0.005484807120090721,-1.8056702338357812e-5
5.599800451231224e-5,7.417194613677395e-5,0.0015660385756595897,0.0014987075326154187,0.00016023671558022863,0.00020415620750587188,0.0015501281201604246,0.0008943023051970844,0.0006302566671831479,-2.081354771703984e-5,-9.993726997847274e-6,1.753438492094203e-5,5.903591831376891e-5,8.67555807076721e-5,-5.2967774322510776e-5,-1.9855737154454898e-5,4.651940685056334e-5,3.577027780168318e-5,1.115471736680572e-5,-4.499519203704968e-6,0.0014549432120130356,0.00017968590772547151,0.0003824130583095843,0.0013534253991336121,0.0011445688291855014,0.001082084679030533,0.0012927242039752298,3.203639303507804e-5,4.31831596852572e-6,-1.5100448598469836e-5,0.0001215774600105956,0.00011252503525472443,0.00012714727642500266,6.16541356271261e-5,4.4695472909831285e-7,-4.236565489670464e-5,5.416032813825139e-5,0.00023293628820309238,0.00022399851253581662,0.00018440595864951004,9.123878898324588e-5,9.219337865362965e-5,6.388893215201429e-5,0.00010908122184254216,0.0006060449741882238,0.000845417088080364,4.61295139653758e-6,1.74292578819971e-5,7.351715889923166e-5,2.606799086033702e-5,5.281412389415912e-5,3.2614779492690484e-5,-8.798359964549485e-6,4.40097003500844e-6,8.018509647658653e-5,0.00010339428577037036,0.0003854629772966829,8.660336088318267e-5,6.42705559288101e-5,0.00011818200176959759,0.00024052897092587252,0.0002010222256497557,-1.175074765306304e-5
0.00011487925493149819,0.00015209919347491967,0.003349033203336463,0.003201099425905143,0.00033446161663147254,0.0004236648660131017,0.0033201187392090997,0.0019055107725164844,0.0013422213980115046,-4.250846512793204e-5,-1.8727033003417997e-5,3.93782785468953e-5,0.00012591458813575852,0.00017780422323284296,-0.00010759607784086638,-2.921586331914215e-5,9.898715227235318e-5,7.340485741261255e-5,2.2248553559441227e-5,-9.633379304050202e-6,0.0031223408526777473,0.0003824130583095844,0.0008140948710025477,0.002887926481014371,0.0024403202080462523,0.00233590414549073,0.002781234494890596,6.497699774599488e-5,6.856670144434166e-6,-3.2097111367437985e-5,0.0002489514125144211,0.00022962017770234393,0.00025171717695716956,0.00011607151903947052,-8.636952377797363e-6,-9.280032226996971e-5,0.00011036982399333763,0.0004808062539163265,0.0004564049740857931,0.0003718609827503356,0.00018685188094063796,0.0001872362643256777,0.0001287331772809103,0.00022944625688097755,0.0013235630197147772,0.0018335686943610112,9.469552428711413e-6,3.57745860467838e-5,0.00015017761122649757,5.450330442005622e-5,0.00010951988193775712,6.45091464981283e-5,-1.772057968678223e-5,9.747324842000179e-6,0.00016560027818066688,0.00021289806356879074,0.0008515113465145592,0.00017717524237661914,0.000157189489115092,0.00024269177627054834,0.0004936170353480629,0.00045442855371441427,-2.4173040166409465e-5
0.0002917030747700573,0.0003846613918459094,0.012337676840207257,0.011673157126581768,0.000983694045571064,0.0011820066629488733,0.012385928112064154,0.006810258120454687,0.004776866007867674,-9.640928480053105e-5,3.0097476844768757e-6,0.0001894639420571857,0.00044083292198083515,0.0004472558338028885,-0.00013707032799395436,0.00037083864277737263,0.0003498265181090932,0.00018694080504180906,4.155176820478389e-5,-3.3622495916310286e-5,0.011833536738994439,0.001353425399133612,0.002887926481014371,0.010446865885537197,0.008768047800553775,0.009275651529904118,0.010755695885573985,0.00014722717627115034,-2.75489977572857e-5,-0.00010316739514328015,0.0006189225150690388,0.000551587392122131,0.0004029545628495833,4.395943698025365e-5,-0.00022583693067387378,-0.0003144341403331944,0.0002624971679462121,0.0012744783771331048,0.001057560654553376,0.0007644452934864583,0.0004666068688540347,0.00042830121152985853,0.0002703436161575243,0.0007207658753212165,0.005735977512913437,0.0075473388204804395,2.419504085234967e-5,9.129499416301459e-5,0.00036584363017054083,0.0001634899632495857,0.0003063071096634329,0.00010730971653720109,-3.633036089060241e-5,4.271968304844051e-5,0.0004464374522888465,0.0005583196964479569,0.003998862314963326,0.00043800973575897507,0.001242049566198882,0.0006203500667286958,0.001234607848120728,0.0024688655363779392,-6.230102428341546e-5
0.00027782389736728444,0.0003669047528254943,0.010292206641776132,0.009771954568564273,0.0008907504986587737,0.0010908905206674956,0.010288709784202425,0.005739949583003803,0.004032021221251979,-9.734909607347005e-5,-1.647925886620587e-5,0.00014759691650348723,0.00037638800042161155,0.00042746073288641763,-0.0002022986397658227,0.000161146346655421,0.0002959891468448061,0.00017785252121947567,4.47169165693578e-5,-2.89386093977786e-5,0.009777886897742791,0.0011445688291855005,0.0024403202080462497,0.008768047800553775,0.007377396613945583,0.007546799484294426,0.008827708643348434,0.00014638650614600424,-1.1242943530982274e-5,-9.18327584806489e-5,0.0005945318636400139,0.0005367606554769708,0.00046971180957919724,0.00012928777282611548,-0.00014975488051235765,-0.00028584401389830427,0.0002561978230448964,0.001198809676813375,0.001048212355355666,0.0007960805075377714,0.0004471608339470893,0.00042468992978909534,0.0002772924069604281,0.0006378622070668071,0.004537406427949969,0.006069194990277699,2.2991078788564584e-5,8.679073069390202e-5,0.00035385321483529815,0.00014685778364327705,0.0002818822069120384,0.0001216503868518839,-3.778828812108829e-5,3.4268306900350766e-5,0.00041625908464085925,0.0005258203607536159,0.003085764899528795,0.0004213308997363098,0.0008378292289417341,0.0005897736069339747,0.0011873583048834862,0.0018262212965758583,-5.916237296650102e-5
-1.5805483660785273e-5,-2.2510061897079587e-5,0.011901134167850639,0.010763806778149046,4.2533110230267243e-5,-5.40526280741699e-5,0.012611881312513996,0.00571336238572962,0.003925906117102931,0.00011247997973973303,0.00015054436930335072,0.0001687857727772208,0.0001589531948987406,-2.8699321791637022e-5,0.002760047339995797,0.00397491326260781,0.0002776652716435301,-9.525215414548749e-6,-1.1562463986714945e-5,3.617437263768405e-7,0.012859295198865273,0.0010820846790305333,0.00233590414549073,0.009275651529904122,0.00754679948429443,0.012021862360744238,0.012640253511679479,-2.2172228694187642e-5,1.5727064313948397e-5,6.43858695164101e-5,-6.002556112118046e-5,-7.05720546746993e-5,5.775113948925252e-6,0.0003786759973512065,0.0009530963133015915,0.0017465637635090418,-3.012894996794341e-5,-0.0001558512736917516,-0.00026288678900423563,-0.00019554287421768193,-3.339115317095984e-5,-6.977260893324452e-5,-5.500551751775673e-5,0.00011646230861539416,0.009758544833954528,0.011012045539983103,-1.145135591240624e-6,-4.443522192095629e-6,-3.465680943992731e-5,2.2425537781302694e-5,1.3481924216104203e-5,-2.577750262042058e-5,2.04752836459664e-5,2.4548181422943474e-5,-1.7486456679758565e-6,-2.1355046447584343e-5,0.008328933159286341,-3.562338660522824e-5,0.005351415482582582,-4.214413596495262e-5,-0.000236701992568013,0.006829040894328774,1.17421610408273e-5
3.364365536540724e-5,4.1963475918999906e-5,0.013491991538481815,0.012352561389865268,0.00027693686846036306,0.00020595910070988477,0.014094475330208762,0.006731686476688587,0.0046529231035198956,7.876772312298861e-5,0.00015269629209264504,0.000224417298907624,0.0002784648687888979,4.510191155286492e-5,0.0019291776270882694,0.003124063944993368,0.00033241998867660616,2.2422346200409096e-5,-1.3091921440647827e-5,-1.1579431381119411e-5,0.014127322036825075,0.0012927242039752298,0.0027812344948905956,0.010755695885573987,0.008827708643348432,0.012640253511679479,0.013637486613746561,-6.695735418946369e-6,-2.759487775763899e-5,1.5718287171111622e-5,3.8061105788421785e-5,5.778152728783042e-6,-0.0002181491106100121,-3.231289077965505e-5,0.00036303443960193144,0.0010089580838798134,5.27538187470577e-6,9.311737624319958e-5,-0.00017029098729693791,-0.00024590476962766235,4.192213412378338e-5,-2.449074775596395e-5,-4.466405120478437e-5,0.00029974812673573634,0.009676887286731425,0.011288740379495421,3.0262181658148703e-6,1.1245407258220139e-5,1.9637791118222942e-5,6.0304339596579e-5,7.767468949813261e-5,-4.736794647673128e-5,1.6119286312217525e-5,3.815402338894667e-5,8.580602310563439e-5,8.177836071855275e-5,0.007939220313426566,3.281914684721056e-5,0.004566408017042542,6.50945827523835e-5,-4.2858041325937906e-5,0.006199672358935479,-1.4552252042290585e-6
0.005210811582691127,0.007505108136282987,0.00010092012785615335,0.00013111362182488155,0.000134357553029112,3.418703372986327e-5,6.255732689952477e-5,0.00012930150168439928,9.998023991370265e-5,0.0005103705443909018,0.000525959224479629,0.0004757937906356105,0.0003778298951376376,0.009787108407571838,0.00021260803532985334,0.0001908592418804432,8.536415258636409e-6,0.003125647469448554,0.014132745381331937,0.012862134179140384,2.3918366340532e-5,3.2036393035078e-5,6.497699774599479e-5,0.00014722717627115017,0.00014638650614600405,-2.2172228694187628e-5,-6.695735418946373e-6,0.014913005785691429,0.00026903242969663406,0.00042201659570936513,-2.097094786447853e-5,-0.00022839523203426823,6.685033786311796e-5,0.00012940743009310767,0.0001801274500165957,0.00020935827322232168,0.015067498233481198,-3.059691749519347e-5,-3.90530982786958e-5,5.772128281943164e-6,0.01184418448123003,-0.0002348013600157008,-0.00011027010333706658,0.0002558491494389782,6.3208561623042355e-6,-1.8060779242962308e-5,0.0003751554499191868,0.0014564823454604715,0.014594719695444286,0.005480399739234447,0.003777269287704218,7.714077031314131e-5,0.009325948150804356,0.0073692891560785696,0.002345091057193384,0.0012322249969021302,4.7567910454358566e-5,0.013492323285274561,0.00014984890747732994,0.00045046116521922,-5.420989614375727e-5,9.862565516973625e-5,0.01120823150977074
0.0007729708247502507,0.0010216258026414246,-5.909071708190902e-5,-4.515754270866893e-5,0.003241872471910115,0.0021101685832852685,-6.377915210780338e-5,4.832051789956518e-7,6.282469557733529e-6,0.01013288141389144,0.008882603668257131,0.007468169675190113,0.005993713799983735,0.001188443359880156,8.841434805971958e-5,0.00016941964178701963,1.2958532230395882e-6,0.0004940525821952319,-4.287969493777274e-5,-0.00023678633984053262,-5.4234802272572726e-5,4.31831596852564e-6,6.856670144434003e-6,-2.7548997757286075e-5,-1.1242943530982645e-5,1.5727064313948356e-5,-2.7594877757639078e-5,0.0002690324296966339,0.01176627634113559,0.011113171156693667,0.008773154819850663,0.010101479039588307,-0.0002568700224658707,-0.0002314448345204451,-0.0001391866926873406,-2.167368564292836e-5,0.0006175822859753466,0.0012003975855196525,7.88725333467463e-5,-0.00016886991176813564,0.001235810431005483,0.011126476057908485,0.011768451044458993,0.0045571985389192896,0.00013072597324530536,7.133261304167674e-5,6.37116009875417e-5,0.00024070958968413301,0.0009292175269377299,0.001482839174084668,0.0026606571471107046,0.011975631275553754,3.0281989993312826e-5,0.0005985966130701884,0.004075452520067557,0.005640407451687213,0.00018225824708228934,0.0011466067293189437,0.00021102530350746213,0.007246442365198128,0.0005262421151537129,0.00021290835273618633,-0.00023413148014559892
0.00075863484474491,0.0010143655076146215,-9.286461351433028e-5,-0.00010435206689575045,0.004215391073313171,0.0030440856595451513,-6.781585364304262e-5,-7.372261099591719e-5,-5.263233646654313e-5,0.010161898489676363,0.009231837120685923,0.00808373254964878,0.006808596092863713,0.0011989166407094431,-0.00011420916448274604,-1.827111029935589e-5,-3.910970477131365e-6,0.00048084932521779165,9.29273873079497e-5,-0.0001559464954258122,-3.0388554165244825e-5,-1.5100448598469875e-5,-3.2097111367438066e-5,-0.00010316739514328036,-9.183275848064911e-5,6.43858695164101e-5,1.571828717111166e-5,0.00042201659570936654,0.011113171156693686,0.010827978247122427,0.007329472700457149,0.008657531521858275,-0.00012572760333575073,-0.00024561177574207297,-0.0002592594086026936,-0.00020399973128805787,0.0007590662233069567,0.0020288973779345625,0.0005721293675148503,0.00013665529047977507,0.001274637940110426,0.009769618372782746,0.010583746687479306,0.005492588466861699,0.00013624771279630493,0.00010757855171884366,6.143959534802338e-5,0.00023292474239379804,0.0010410746224813444,0.0009221351683407947,0.001870210299459213,0.011042653706325477,-0.00013120709551522444,0.00025275510352534884,0.0030601877708266506,0.004427284653823904,0.0001418456230616529,0.0012213153746449576,6.32506271254099e-5,0.005884211790480335,0.0012009568311442621,0.00011812314079220009,-0.0002519613643599246
-3.345200156365408e-5,-8.085701878895667e-5,0.0004790375039372062,0.00057851548084741,0.0001470378490336313,-0.0001831544290145274,0.00033769149785360967,0.0005119138479713942,0.00038839833504271057,0.005787800333100148,0.004264834705481319,0.0028674410596583985,0.0016819768043455105,-0.00014850700740595975,0.0009263946464967865,0.0007423700426161868,3.22168516708594e-5,-7.962690875608519e-6,0.00036133797960682127,0.000951618447066967,0.00018053689788401624,0.00012157746001059574,0.0002489514125144212,0.0006189225150690392,0.0005945318636400142,-6.002556112118039e-5,3.8061105788421656e-5,-2.0970947864478456e-5,0.008773154819850675,0.007329472700457181,0.011264496750357325,0.011564866831756093,0.0006950421181810565,0.0009128936024121766,0.0010287757973287297,0.0010304148024780154,-0.00022805827157734086,-0.0002592557791128066,0.00010888069045492726,0.00040921963730758176,-0.00022479503092475854,0.011459589280477325,0.010924571014287407,0.0007665662776890804,-3.943000847079873e-5,-9.01198437253151e-5,9.542187415015932e-7,7.957385055640652e-7,-0.0003017824060514694,0.005404540533147057,0.006838383355556825,0.010004615125535965,0.002804009368510327,0.004034274405117815,0.008241836610079878,0.0095115642263148,9.100636230339135e-5,-0.00028700616786792607,0.0005151253052286292,0.01054000133583578,-0.00013847789957130522,0.0002854303048161641,0.0017670834553858276
0.00015975095430923177,0.0001691118626951104,0.00040740532498460233,0.0005061306694063474,0.00048332810888043585,-2.4985521230589142e-5,0.0002732641849120321,0.00046655320463007556,0.00035644460330007865,0.007044465303466416,0.005390203891179701,0.0038171445048520336,0.0024295874513403245,0.00013145261633584721,0.0008997104027782084,0.0007512213417797083,2.9878366184336462e-5,0.0001170603420777406,-3.331869476752052e-5,0.00037764042414086,0.00012960046916076442,0.0001125250352547245,0.0002296201777023441,0.0005515873921221315,0.0005367606554769713,-7.057205467469964e-5,5.778152728782955e-6,-0.0002283952320342689,0.010101479039588305,0.008657531521858271,0.011564866831756088,0.012195332076502806,0.0005115649922018995,0.0007558453905094603,0.0009123831974944253,0.0009600408712066019,-0.0002608080012482982,-0.00024596261507727824,-4.944121821080584e-5,0.00022260939320781334,4.607877391066485e-5,0.01233809698207172,0.012025506090042134,0.0013040408742728798,-9.42261574034339e-6,-7.874745332092311e-5,1.7255062615092944e-5,6.214186009000593e-5,-0.0001895668144071244,0.004580453497190764,0.006129133587953129,0.011256722689144981,0.001978714165976244,0.003172369948565529,0.00771934266313438,0.009235323132108264,0.00013275837108629873,-7.170552405944302e-5,0.0005477710840659808,0.010556384255715449,-0.00023109544835315653,0.00032881181528256485,0.0010429955635838
0.0002891687524982292,0.0003748204894139818,7.263749640368415e-5,0.00026121093442458713,0.006483500125955895,0.008180448617491974,-0.00011411475202648552,0.0004551278987219748,0.0003729873912278204,0.00026836542507662853,0.000965474258835072,0.0019764293780871463,0.003277767225930009,0.00042551425037801606,0.008656030212378471,0.006984761433959848,3.435793609533221e-5,0.0001875982508315724,-2.46058752216076e-5,-6.98783577753735e-5,-0.00023494066458877824,0.00012714727642500336,0.00025171717695717096,0.0004029545628495863,0.00046971180957920065,5.775113948924987e-6,-0.0002181491106100121,6.685033786311764e-5,-0.00025687002246586974,-0.00012572760333575124,0.0006950421181810595,0.0005115649922018999,0.012770399875021645,0.012328944117557644,0.01144959837520825,0.010186917412045296,0.0001817744535371501,0.009771396443216352,0.012128393799372172,0.012684989151405517,0.00042908978774479307,0.00026758520221194584,1.3079955191011708e-5,0.004810547334531243,0.001280708926189524,0.0004938492730394805,2.4604485958259968e-5,9.238560707703405e-5,0.000295093131319041,0.00034762171623791213,0.0005323695379322569,-0.0001863659462460909,2.9099728776241483e-5,0.00016969422818194417,0.0006886188116773326,0.0007823878384381515,0.0023707971268379074,0.0003830109048748214,0.005304063767032521,0.000788156488299819,0.011126070611878681,0.0037337814464011975,-5.3497598299967925e-5
0.00035673632858878755,0.0004669158770761203,-0.0001907001367766128,-7.342531849156734e-5,0.005393862416345705,0.007046919671027426,-0.0002610184889336768,0.00016708410728354223,0.00015818225646604766,-2.3674877575519297e-5,0.0004856972546813928,0.0013073821587381077,0.002433592815128113,0.000537189296867448,0.009225037220416506,0.00771076717096309,1.712151605863681e-5,0.0002298234092316184,5.559120326548933e-6,-7.070697633108779e-5,-0.00022788229391442326,6.165413562712637e-5,0.00011607151903947109,4.3959436980254875e-5,0.00012928777282611678,0.0003786759973512069,-3.2312890779655074e-5,0.00012940743009310772,-0.000231444834520445,-0.0002456117757420729,0.0009128936024121778,0.0007558453905094602,0.012328944117557637,0.0121845521973861,0.011553322407295973,0.010545040835307615,0.00027315642020890493,0.008658141116132287,0.011252362871639044,0.012018567653940809,0.0005519611947250732,0.00051110079546815,0.00022187860449212002,0.003821301235706907,0.0019781480442588994,0.0010435146839393437,2.9914265610963232e-5,0.00011263769885279874,0.00040766482436430926,0.0003297411703681421,0.00054895348652862,-5.015556942793647e-5,-9.12442553199094e-6,0.00013334529371372605,0.0007525292172389647,0.0009009216436208262,0.0031702131299562314,0.0005064118098135922,0.006122710627870032,0.0009609851694280892,0.010099736528887108,0.004576260370744626,-7.870106470397275e-5
0.0003884033783468628,0.0005118977285464768,-0.00030174933730611135,-0.00028757830214823707,0.004267624518710912,0.0057893155908296514,-0.00022721376560716616,-8.214282281031832e-5,-3.450264722101084e-5,-0.00018222900048095342,0.0001489554299374526,0.000769360717594766,0.0016853236907596698,0.0005945018272106977,0.00950063106115701,0.008232659039703718,8.572771312591905e-7,0.0002489703573680165,3.773051559423828e-5,-6.019369156283143e-5,-1.9546334149995802e-5,4.469547290984271e-7,-8.636952377797126e-6,-0.0002258369306738731,-0.00014975488051235708,0.0009530963133015919,0.000363034439601931,0.0001801274500165957,-0.0001391866926873398,-0.000259259408602693,0.0010287757973287297,0.0009123831974944249,0.011449598375208224,0.011553322407295959,0.011252216408791862,0.010527978862043073,0.0003372650754924108,0.007329106219013638,0.009999308977175436,0.010916738228002156,0.0006188159652167971,0.0006940957228456624,0.0004080507704058348,0.0028708270878534444,0.002803396856990969,0.001767788677209805,3.222797962201106e-5,0.00012159747985813865,0.00047888373385614804,0.00028626205293762116,0.0005161115740872183,0.00010777504900685045,-3.91157220981395e-5,9.157268425361689e-5,0.0007433723638763843,0.0009272076547701641,0.004031863039014755,0.0005783295668542633,0.00683143646610365,0.0010308869167141084,0.00877043494756148,0.005399937763092484,-9.005987337809402e-5
0.000379953749102679,0.0005036072933417795,-0.00016878316918989515,-0.00028559531937455586,0.0031730910345355284,0.004493760418314467,6.771362754167233e-5,-0.00022649260478956927,-0.00015723578427126247,-0.00023533625553531716,-5.864680604641916e-5,0.0003666995193648589,0.0010582938452183696,0.0005893426547041087,0.009465654632845138,0.008521741904803912,-1.0750635226926209e-5,0.00024254767552862546,6.46869117995612e-5,-4.233307732490356e-5,0.0004529378605921153,-4.236565489670467e-5,-9.280032226996974e-5,-0.0003144341403331943,-0.00028584401389830416,0.0017465637635090412,0.0010089580838798134,0.00020935827322232138,-2.167368564292736e-5,-0.00020399973128805733,0.0010304148024780138,0.0009600408712065998,0.010186917412045296,0.010545040835307601,0.01052797886204307,0.010173839744170557,0.00036299744704427063,0.005883164645409508,0.008473029687320197,0.009479464701562749,0.0006198281313184357,0.0007868343305967819,0.0005347728941601218,0.0020064637342461326,0.0037326825136266384,0.002661698119027679,3.1253058987854796e-5,0.00011811933095786586,0.0004972145608898559,0.00022547633339379554,0.0004422753971396398,0.00024628403964102754,-5.752528457602841e-5,5.079295838967768e-5,0.0006675915496969393,0.0008634171811323526,0.004919109935224184,0.0005877156627190107,0.007390957535306602,0.000993630449543219,0.007243218076476857,0.006162786009028063,-8.78861340684414e-5
0.005527078479858414,0.007933003096183635,0.00019300448274622904,0.00024019123292002022,0.00010346838949477386,-1.1788589834778396e-5,0.00012971330005714249,0.00022330393473458054,0.00017100667672699963,0.0008016396214358429,0.0007487218927497969,0.0006204593118690019,0.0004475967134183018,0.010300320216867762,0.00034737337332011207,0.000295400056606708,1.439207157952353e-5,0.003324290813171951,0.014101358737855042,0.012615591866614704,6.263211476568332e-5,5.416032813825122e-5,0.00011036982399333728,0.0002624971679462113,0.00025619782304489564,-3.0128949967943285e-5,5.275381874705622e-6,0.015067498233481217,0.0006175822859753461,0.0007590662233069569,-0.00022805827157733961,-0.00026080800124829814,0.00018177445353714897,0.0002731564202089037,0.0003372650754924084,0.00036299744704426824,0.015417717260367404,-6.790324426708787e-5,-8.15950682107581e-6,8.08175747413558e-5,0.0123992902618731,-0.00011321728858253958,0.0001308490058231701,0.0002646413907086947,-6.36354796601165e-6,-3.501344096712306e-5,0.00040026631155198677,0.0015520726102473462,0.015061593672459371,0.004715439385508268,0.003027696991892721,0.0003947826007835811,0.008721289006479426,0.00665376648107774,0.0016718426270928095,0.0006857479339330129,5.248009154510833e-5,0.014034258788857732,0.00021852536248898602,6.559001971141304e-5,-6.354338801789455e-5,0.00013213707551129679,0.01076536415970971
-5.2364233485204283e-5,-7.340487710512589e-5,0.0010410424770786633,0.0012212360768389917,0.009237345379844544,0.010167651006015625,0.0007591661334780299,0.0010141724230432287,0.000758528212859006,0.003044905872676555,0.00421722437987529,0.005495526046984704,0.006812600490479009,-9.145695088558646e-5,0.004425870165173965,0.0030586888936482725,6.144038809008068e-5,-3.1906424958215036e-5,1.5466276261174348e-5,6.417855046684665e-5,0.00042218967809494966,0.00023293628820309281,0.0004808062539163274,0.0012744783771331068,0.001198809676813377,-0.0001558512736917521,9.31173762431997e-5,-3.05969174951936e-5,0.0012003975855196533,0.0020288973779345634,-0.00025925577911280575,-0.0002459626150772785,0.00977139644321636,0.008658141116132285,0.007329106219013646,0.0058831646454095155,-6.790324426708782e-5,0.010833552935732793,0.01104677205045817,0.010586739398092364,-0.00010287279432221328,-0.00012639422219200524,0.000135800229226547,0.008088630873302988,-0.0001316029245459968,-0.00025205877839172357,-3.8812376853414445e-6,-1.4994618807808206e-5,-9.279206833404575e-5,0.00011857918079518559,6.383668419278238e-5,0.0005712921244724064,0.00013631687772203903,0.0001420973640340257,-1.763642492261586e-5,-0.00011368214434066826,0.00025204310523828914,-0.00010415396212578418,0.0018688557494854483,-0.00020368207645863584,0.011118200336424409,0.000921066139360187,0.00010747718723075027
9.624347100504212e-5,0.00011771838294257689,0.0007019451003538673,0.0009370750447606885,0.00828691988459087,0.009778527492670577,0.00039378576349683196,0.0009200056005259925,0.0007065380434475888,0.0013301963348691663,0.002358616855198376,0.00363455850973638,0.005105341272911425,0.00012272316463062937,0.0067982635156007745,0.0051068600087091,5.9536515036259416e-5,6.497301526764567e-5,-4.7417784928276866e-5,-2.5884797072811286e-5,7.666738085237275e-5,0.00022399851253581733,0.0004564049740857945,0.0010575606545533795,0.0010482123553556693,-0.00026288678900423574,-0.00017029098729693762,-3.90530982786964e-5,7.88725333467466e-5,0.0005721293675148493,0.00010888069045492811,-4.944121821080572e-5,0.012128393799372179,0.011252362871639046,0.009999308977175447,0.008473029687320192,-8.159506821075392e-6,0.011046772050458193,0.012514517576912194,0.012550963108066394,0.00010835226479327138,-0.0001860481697516949,-0.00024857947502625875,0.006690414356641768,0.00030961874380221806,-0.00012309479143518412,8.88428947080405e-6,3.285796756806951e-5,3.4511269651257725e-5,0.0002884884725277122,0.00035307947061601313,-0.00017907969834210358,0.00010642862820067111,0.00019946752793073176,0.0003745063039769066,0.0003400687128946201,0.0010685034884012413,7.668772021463392e-5,0.003523474664515998,0.0002476682225070286,0.011978284624673766,0.0021525696923441044,2.7187698395303783e-5
0.00019682343612520927,0.0002509436900288758,0.0003968069908182073,0.0006239669518295342,0.007468485350442795,0.009111881036043268,0.00012969548239002076,0.0007217940418425852,0.0005668267594222973,0.0007156412533127237,0.00159232282471194,0.0027610050913448566,0.004182650516339069,0.0002783456092274613,0.007828490167848845,0.0060983435567770914,4.930952994352276e-5,0.00012918772127289846,-4.471846241406191e-5,-5.510074360536555e-5,-0.00011073701449680028,0.0001844059586495103,0.00037186098275033614,0.0007644452934864596,0.0007960805075377729,-0.00019554287421768185,-0.00024590476962766197,5.772128281943323e-6,-0.00016886991176813518,0.00013665529047977488,0.00040921963730758295,0.000222609393207813,0.01268498915140552,0.012018567653940822,0.010916738228002175,0.009479464701562756,8.081757474135692e-5,0.010586739398092388,0.012550963108066387,0.012883581489419533,0.0002713699648234587,1.3372140026521213e-5,-0.0001651890340026674,0.005785278909363869,0.0007238950659664613,0.00011103789881740771,1.7157183198269755e-5,6.412754544584579e-5,0.000161810646115365,0.0003343601573284774,0.0004648688146034496,-0.0002486270562718056,6.998410730590255e-5,0.00019377529068686093,0.0005567955738461,0.0005854891419440109,0.0016632672729455509,0.00022994749914106955,0.004421360212901168,0.000536260462119823,0.011769564195689277,0.002913543370845663,-1.6645826137535864e-5
0.0047845077553841904,0.006820936820441925,0.0003659944484126493,0.0004381180340908575,1.9495288392214405e-6,-9.677533083248469e-5,0.0002628658471745014,0.0003845566062837446,0.0002915952744031656,0.0011811805811877088,0.0009821104848018003,0.0007187822348685799,0.00043884221029630543,0.008781179913805816,0.0005575107062007583,0.00044547382617238706,2.417505425074908e-5,0.0028926858742484825,0.010763112757382492,0.009279594780171437,0.00014760043689564408,9.123878898324595e-5,0.00018685188094063807,0.00046660686885403483,0.0004471608339470895,-3.339115317095971e-5,4.1922134123783426e-5,0.01184418448123001,0.001235810431005481,0.0012746379401104228,-0.00022479503092475865,4.607877391066462e-5,0.0004290897877447961,0.0005519611947250744,0.0006188159652167981,0.0006198281313184367,0.012399290261873093,-0.00010287279432221179,0.00010835226479327274,0.0002713699648234605,0.010461872482074265,0.00040561743100646976,0.0007670829681870788,0.00018781605910289764,-3.6586361864238395e-5,-6.227843423914249e-5,0.0003504322067552579,0.0013556507951084321,0.012353031172635278,0.0024643099853006744,0.0012376616321754879,0.0010596572116862905,0.005733978346337781,0.003995089036147497,0.00036738205397617225,-0.00013909671805564095,4.217985262854797e-5,0.011688779699485048,0.00030537231211111613,-0.00031485171259574234,-2.6759468750466894e-5,0.00016270973059306427,0.007548018469417006
0.0003747664466132756,0.00045748270880425465,0.00029448252573268974,0.0003823245392972031,0.0009627772898198032,0.0002667503397593622,0.00018159324588380135,0.0003741314716044672,0.00028862970998521617,0.008177009049239068,0.006479039078899096,0.004805756048782698,0.0032732672664265608,0.00047230035649444154,0.0007808802251995131,0.0006871039511421856,2.454776389440267e-5,0.00025282793670965457,-0.0002186059681764469,5.133191665943481e-6,6.684614377277795e-5,9.21933786536296e-5,0.00018723626432567758,0.0004283012115298585,0.00042468992978909523,-6.977260893324455e-5,-2.4490747755964096e-5,-0.00023480136001569968,0.011126476057908502,0.009769618372782764,0.011459589280477323,0.012338096982071731,0.00026758520221194584,0.0005111007954681497,0.0006940957228456633,0.00078683433059678,-0.00011321728858253832,-0.000126394222192005,-0.0001860481697516949,1.3372140026520891e-5,0.00040561743100647047,0.012777942800179501,0.012690350069161546,0.0019726972073289026,2.8837421520452032e-5,-5.352208084109025e-5,3.450346525427081e-5,0.00012768088781773578,7.446015923876382e-5,0.0037374091657956282,0.005309659704958213,0.012131278612303825,0.0012812344106947087,0.0023726523453044194,0.006992265347693429,0.008665040663687286,0.00016912346402540295,0.0002635530177029799,0.0005310735331560138,0.010196822299927324,-0.00025687171888196886,0.0003466554428337014,0.0004935208761318886
0.0005685014419660264,0.0007240460953883187,0.00016101102524527196,0.00022902857205170596,0.0015894753638764287,0.0007138708177667979,8.045967217160032e-5,0.00025006637852446076,0.00019614051473593704,0.009107524442099472,0.007463373789909082,0.00578005285571287,0.004177870268835548,0.000798577401492861,0.0005838782440593094,0.0005552347361038795,1.7088862555380185e-5,0.000372897823450899,-0.00024601518348766715,-0.00019588840916627082,5.649664043012228e-6,6.388893215201394e-5,0.0001287331772809096,0.0002703436161575224,0.00027729240696042646,-5.5005517517756526e-5,-4.466405120478438e-5,-0.00011027010333706572,0.01176845104445901,0.010583746687479283,0.010924571014287406,0.012025506090042165,1.3079955191011287e-5,0.00022187860449211818,0.0004080507704058317,0.0005347728941601189,0.00013084900582316898,0.00013580022922654835,-0.00024857947502625793,-0.00016518903400266718,0.0007670829681870825,0.012690350069161563,0.012886931930611842,0.0027570850934564997,6.977153727109744e-5,-1.6640275228369585e-5,4.944227783150661e-5,0.00018489224049837285,0.00039878386345911036,0.002916518965417082,0.004425934225810448,0.01255204387263509,0.0007243840737549941,0.001664805617492931,0.00610445361962661,0.007835779256867773,0.0001932558764216279,0.0006263605385671584,0.0004635764346771907,0.009487385459160792,-0.000169103297496713,0.0003334301452604078,0.00011087623477795249
6.854427296839996e-5,0.00010512686520009987,0.0007161279518967325,0.000749355703403357,0.00867902760705059,0.0085002434291247,0.0006220170745168702,0.0005150711086087102,0.0003717643250207898,0.006388223377828393,0.00719426085906345,0.00786332062428349,0.008347847628021723,0.00014612675673256835,0.001266007436524063,0.0006751587970001535,2.8447339873393264e-5,3.883244996281514e-5,0.00022367865133428322,0.00016841359187084947,0.0004769973212498321,0.00010908122184254204,0.00022944625688097728,0.0007207658753212157,0.0006378622070668064,0.00011646230861539432,0.0002997481267357363,0.00025584914943897877,0.004557198538919289,0.005492588466861696,0.0007665662776890806,0.0013040408742728766,0.004810547334531241,0.0038213012357069033,0.002870827087853443,0.0020064637342461318,0.00026464139070869487,0.008088630873302997,0.006690414356641758,0.005785278909363861,0.00018781605910289905,0.0019726972073289095,0.002757085093456503,0.008647437814951026,-0.0001389151353791614,-4.122681947763185e-5,4.313523729775865e-6,1.7264361544208623e-5,0.00025273652456694857,-0.0001210422892100382,-0.00012873333413904308,0.0036307057132165237,1.1313378865415726e-5,-6.686919347028325e-5,-6.563040188697217e-5,9.196876605334883e-5,-0.00014257586421516613,0.00022526130639461436,0.00024621121640435015,0.0003645488928532994,0.007473464821918438,-2.194173575552455e-5,9.45137979034216e-5
-2.7109299395784085e-5,-3.448059127447209e-5,0.007891488596620028,0.006876536699959266,-0.00019065769574198448,-0.0001967338452576398,0.008723270031144831,0.0033540188096643293,0.0022596309251035535,0.00011814297014271479,7.527218233482245e-5,1.120138789886152e-5,-6.506203629943016e-5,-3.8023620952365934e-5,0.004732128119924239,0.005759428606376638,0.00015436645488511917,-1.7809516706522636e-5,1.6049969782661295e-5,2.0453108551036506e-5,0.009327853195948812,0.000606044974188224,0.0013235630197147776,0.00573597751291344,0.0045374064279499705,0.009758544833954531,0.009676887286731429,6.320856162304211e-6,0.00013072597324530536,0.0001362477127963049,-3.9430008470799014e-5,-9.422615740343606e-6,0.0012807089261895222,0.0019781480442588976,0.0028033968569909696,0.0037326825136266384,-6.363547966011842e-6,-0.0001316029245459961,0.00030961874380221774,0.0007238950659664613,-3.6586361864238523e-5,2.8837421520451968e-5,6.97715372710974e-5,-0.0001389151353791616,0.009164320943689309,0.009570582802811976,-2.3657839344683785e-6,-8.842600117993125e-6,-1.9340907507493596e-5,-2.5627282410639098e-5,-4.4070014068914744e-5,0.00010627388640378855,8.53183587223038e-6,-6.870708881647441e-6,-5.80569591387932e-5,-6.362067651612563e-5,0.008505532648524921,-3.0040010816471136e-5,0.006766229320938276,-5.7822897050964275e-5,2.9850322767713002e-5,0.007700954337022453,1.8036764507438483e-5
-3.7927675605419175e-5,-5.0406078381136615e-5,0.009974267569479693,0.008879029772186223,-0.0001290112740008301,-0.00020742572311780502,0.01076471677192706,0.004549787564383024,0.003101272867414975,0.0001277200986462101,0.00012477719544208145,9.459376941308674e-5,3.7344543069372e-5,-5.913093009972886e-5,0.0037061123603403154,0.004867376649845917,0.00021629372917269631,-2.4153465002955477e-5,-1.4567696059308508e-6,1.1743463543127593e-5,0.011207924310254967,0.0008454170880803635,0.0018335686943610104,0.007547338820480437,0.006069194990277697,0.011012045539983098,0.011288740379495418,-1.8060779242962362e-5,7.133261304167664e-5,0.00010757855171884366,-9.011984372531522e-5,-7.874745332092278e-5,0.000493849273039481,0.0010435146839393426,0.0017677886772098047,0.0026616981190276793,-3.501344096712317e-5,-0.00025205877839172287,-0.00012309479143518396,0.00011103789881740766,-6.227843423914268e-5,-5.35220808410901e-5,-1.6640275228369795e-5,-4.122681947763177e-5,0.009570582802811974,0.01044326592702833,-3.1026678251026397e-6,-1.174036697343476e-5,-4.9425946674137303e-5,-8.176269757769878e-6,-3.024634751884904e-5,2.7228599232150558e-5,1.8032695605500185e-5,8.725138879205005e-6,-5.385909857474813e-5,-7.459288592765949e-5,0.008522874576813373,-5.8960651063277344e-5,0.006098117277540144,-8.794834502253057e-5,-0.00023418931846939787,0.007339202259159675,1.885102382415707e-5
0.00016341295734110628,0.0002317944593866987,1.953400122872125e-5,2.298592460037014e-5,-2.818235407610393e-6,-5.526328201961543e-6,1.4425211884772406e-5,1.9648104965322206e-5,1.4828708339926588e-5,5.36304230595888e-5,4.190284633406939e-5,2.8351427536824303e-5,1.5173220540850524e-5,0.00029652117037205663,2.728055045976897e-5,2.110241353440447e-5,1.220565477013607e-6,9.918072553985107e-5,0.0003327191059095221,0.0002778286525161438,8.566178492019639e-6,4.61295139653758e-6,9.46955242871141e-6,2.4195040852349665e-5,2.2991078788564588e-5,-1.145135591240626e-6,3.0262181658148746e-6,0.0003751554499191869,6.371160098754159e-5,6.143959534802331e-5,9.542187415015358e-7,1.725506261509294e-5,2.4604485958259832e-5,2.9914265610963286e-5,3.222797962201105e-5,3.1253058987854735e-5,0.0004002663115519869,-3.881237685341434e-6,8.884289470804076e-6,1.7157183198269812e-5,0.0003504322067552579,3.450346525427083e-5,4.944227783150629e-5,4.3135237297759096e-6,-2.3657839344683735e-6,-3.1026678251026414e-6,1.206938995357103e-5,4.661010855844234e-5,0.00040483865284159245,4.990545576158139e-5,1.49857819656306e-5,5.963501020179433e-5,0.0001543050004716178,9.733312439637799e-5,-6.192907735405765e-6,-1.41061613223889e-5,1.085111466964081e-6,0.00038776897143939554,1.3850199410049106e-5,-1.0709464128244217e-5,1.3510352644762992e-6,6.786718717154403e-6,0.00021633189779692646
0.0006314023464103081,0.0008958982225070521,7.359691871239593e-5,8.667947416595105e-5,-1.0145779484638018e-5,-2.0831948942640735e-5,5.427177862759863e-5,7.419573925861247e-5,5.601049728044962e-5,0.00020397311358247712,0.00015993020971937432,0.00010871901782479748,5.86891362858608e-5,0.0011465260222027634,0.00010327124379692074,8.002604650813851e-5,4.6120427804336705e-6,0.0003831271265904367,0.0012937814314187383,0.0010826351972187465,3.213917878427669e-5,1.7429257881997107e-5,3.577458604678381e-5,9.129499416301456e-5,8.679073069390202e-5,-4.4435221920956376e-6,1.1245407258220123e-5,0.0014564823454604747,0.00024070958968413307,0.00023292474239379764,7.957385055643451e-7,6.214186009000567e-5,9.238560707703413e-5,0.00011263769885279868,0.00012159747985813892,0.00011811933095786564,0.0015520726102473488,-1.499461880780833e-5,3.285796756806948e-5,6.412754544584596e-5,0.0013556507951084306,0.00012768088781773588,0.00018489224049837317,1.7264361544208552e-5,-8.842600117993132e-6,-1.1740366973434717e-5,4.661010855844231e-5,0.00018002040155290573,0.0015682921320695176,0.00020043424938601858,6.374690457615679e-5,0.00022435695095002382,0.0006057617099648376,0.00038495089198229993,-2.0206700135290505e-5,-5.308140831383772e-5,4.30490156873264e-6,0.0015010143403808881,5.265304544215229e-5,-4.222870169600256e-5,4.515715522986879e-6,2.5929909730457868e-5,0.0008455020729855069
0.0055643845582229205,0.007964550053735222,0.0002778523701729735,0.0003390845301717201,6.666151738696742e-5,-5.2212443631906324e-5,0.00019321510672241744,0.0003063938709578623,0.0002335027830769657,0.0010303040974877942,0.000910958340226563,0.0007142032600052805,0.0004807350077653838,0.01030559304192337,0.0004616567945557502,0.00038114066489865016,1.9508351407786527e-5,0.0033538602158299175,0.01349980160783644,0.01190534791679438,0.00010115946512382541,7.351715889923156e-5,0.00015017761122649738,0.0003658436301705403,0.0003538532148352976,-3.465680943992713e-5,1.9637791118223074e-5,0.014594719695444248,0.0009292175269377316,0.0010410746224813465,-0.00030178240605146996,-0.0001895668144071237,0.00029509313131904105,0.0004076648243643093,0.0004788837338561481,0.0004972145608898545,0.015061593672459383,-9.279206833404558e-5,3.451126965125759e-5,0.00016181064611536466,0.012353031172635297,7.446015923876161e-5,0.00039878386345910797,0.0002527365245669481,-1.9340907507493467e-5,-4.942594667413715e-5,0.0004048386528415918,0.0015682921320695142,0.014840923092591773,0.003936470320770514,0.0023421650592863512,0.0007035749473514282,0.007889377182252516,0.005825016084555211,0.0011158875344449931,0.0002842507087183537,5.270271376828638e-5,0.013908271830419778,0.0002722339281765307,-0.00017029664574366396,-5.855298514895522e-5,0.0001557374739707022,0.009975048248402996
0.0008090872796360405,0.00126715800162129,0.00015643903983971703,0.00016703766511879335,-6.943269248090924e-5,1.7905194015502166e-5,0.00013274697202003688,0.00012009253124312382,8.75856711982198e-5,0.0004846628962900274,0.00017237850231457643,-2.1909507285159415e-5,-0.00011296910210914614,0.0018223353146203367,0.0001570532076540978,9.061756265906587e-5,6.822792082932489e-6,0.0004531254136314722,0.0061961857689373755,0.006826689500577361,9.908267456823811e-5,2.6067990860337054e-5,5.450330442005628e-5,0.00016348996324958584,0.00014685778364327716,2.2425537781302572e-5,6.030433959657896e-5,0.005480399739234457,0.001482839174084673,0.0009221351683407952,0.005404540533147058,0.004580453497190777,0.000347621716237912,0.0003297411703681423,0.00028626205293762197,0.00022547633339379581,0.0047154393855082756,0.00011857918079518604,0.000288488472527712,0.0003343601573284774,0.0024643099853006757,0.00373740916579563,0.0029165189654170856,-0.0001210422892100379,-2.562728241063926e-5,-8.17626975777001e-6,4.990545576158143e-5,0.00020043424938601906,0.003936470320770506,0.007913239615181698,0.007712510590981838,0.0021548681466637535,0.007701189957496159,0.007886953290756516,0.007355781533247866,0.006829588628782047,-2.5444110462410387e-5,0.003176634675640782,3.4481032887810785e-5,0.00616754105614769,0.00021356351939239723,-5.297588344068164e-6,0.007338142387691354
0.00030537097870742853,0.0005267874093968277,0.00027307783382163347,0.00030348725585098354,-0.00013776255659640315,-6.314330164629296e-5,0.00021930164764064145,0.00023498017036819888,0.00017398132863541584,0.0011903698169889614,0.0006450308920003794,0.0002458248071689234,-8.03744242012831e-6,0.0008341650629119084,0.0003409947187897515,0.00022857960042853292,1.3891306525260716e-5,0.00015600757906052197,0.004562653643489521,0.0053488556219542585,0.00015043986365141987,5.281412389415902e-5,0.00010951988193775691,0.0003063071096634324,0.00028188220691203775,1.348192421610428e-5,7.767468949813243e-5,0.0037772692877042126,0.0026606571471106968,0.001870210299459206,0.006838383355556803,0.006129133587953125,0.0005323695379322566,0.0005489534865286203,0.000516111574087217,0.0004422753971396399,0.0030276969918927163,6.383668419278273e-5,0.0003530794706160129,0.0004648688146034492,0.0012376616321754877,0.005309659704958205,0.004425934225810433,-0.00012873333413904344,-4.4070014068914595e-5,-3.024634751884886e-5,1.4985781965630517e-5,6.374690457615654e-5,0.002342165059286356,0.007712510590981812,0.007951114054493122,0.0035269325528944242,0.006766675055171656,0.007318866092091216,0.007954384699419332,0.007778194803396964,-2.2609413223231982e-5,0.0017415144068401,0.00012156567191920519,0.007398003111448189,0.00021194157538100515,3.4358210584183546e-5,0.006097007456676966
0.0007078310058148339,0.0009217721788528063,3.372219961018877e-5,7.575296138246699e-5,0.002355853807856168,0.0013284870345529898,-8.548676827962933e-6,0.00011682564835526625,9.554668553218067e-5,0.00977342680137363,0.008281389304870882,0.0066850153355637884,0.005100547977744737,0.0010501567589233881,0.0003385873784331521,0.0003730846898507868,8.815781687490937e-6,0.00045719616528150885,-0.00017026603262593833,-0.00026304665424029536,-3.9191772660266434e-5,3.261477949269044e-5,6.450914649812819e-5,0.00010730971653720094,0.00012165038685188369,-2.577750262042043e-5,-4.7367946476731187e-5,7.714077031314182e-5,0.011975631275553759,0.011042653706325475,0.010004615125535963,0.011256722689144991,-0.00018636594624609086,-5.015556942793657e-5,0.00010777504900684999,0.0002462840396410273,0.0003947826007835817,0.000571292124472406,-0.00017907969834210326,-0.0002486270562718056,0.0010596572116862955,0.012131278612303828,0.012552043872635074,0.0036307057132165268,0.00010627388640378848,2.7228599232150744e-5,5.963501020179428e-5,0.0002243569509500229,0.000703574947351428,0.0021548681466637535,0.003526932552894431,0.012513691307802298,0.0003100801538046026,0.0010697384043626727,0.005111395862397628,0.006803565064707148,0.00019903038350755468,0.000938996069202349,0.0003519187435634166,0.00847863181073462,7.861615102473968e-5,0.00028766901408203865,-0.0001231230317102501
0.0022586053906469574,0.00335260817135998,-1.9101379946675456e-5,-2.9784222089103027e-5,7.534576621878802e-5,0.00011820088145786857,-6.179533754357704e-6,-3.428879055296165e-5,-2.6967876775032444e-5,-0.00019638403474124763,-0.00019036552769199978,-0.0001386877873097857,-6.489686672235232e-5,0.004535625067377051,-6.33681111696637e-5,-5.7856941875735774e-5,-2.3536025185765866e-6,0.0013229449297852375,0.009675368890313974,0.009757414133605816,6.457570092807137e-6,-8.798359964549522e-6,-1.7720579686782307e-5,-3.633036089060258e-5,-3.7788288121088475e-5,2.0475283645966415e-5,1.611928631221754e-5,0.009325948150804352,3.0281989993312833e-5,-0.00013120709551522447,0.002804009368510328,0.001978714165976243,2.9099728776241445e-5,-9.12442553199111e-6,-3.911572209813978e-5,-5.7525284576028706e-5,0.008721289006479428,0.00013631687772203908,0.0001064286282006711,6.998410730590257e-5,0.005733978346337772,0.0012812344106947083,0.0007243840737549951,1.1313378865415514e-5,8.531835872230327e-6,1.803269560550021e-5,0.0001543050004716175,0.0006057617099648389,0.007889377182252518,0.0077011899574961785,0.006766675055171664,0.00031008015380460253,0.009163956229967055,0.008505501534795503,0.005760020342214522,0.004732762566338901,-6.854388782693438e-6,0.006874403071925929,-4.3938373043301536e-5,0.0037333083063760828,0.00013083113725957638,-2.5555889315800294e-5,0.009569845881710224
0.0014740410093428632,0.00222918872747846,5.319409921620045e-5,4.9446655986556146e-5,7.091244356493863e-6,8.099312684488615e-5,5.288728065907382e-5,2.5308693405529415e-5,1.6880894773060716e-5,2.4685444971198324e-5,-0.00010040037950551631,-0.0001423476523146025,-0.00012361037039847225,0.0030824902892237537,1.621559145571355e-5,-8.695794480081758e-6,1.1107556365040753e-6,0.0008503880278376374,0.007936499757266107,0.008327082578522643,4.787347979447993e-5,4.4009700350084675e-6,9.747324842000233e-6,4.2719683048440666e-5,3.4268306900350915e-5,2.454818142294348e-5,3.81540233889467e-5,0.007369289156078571,0.0005985966130701889,0.0002527551035253493,0.004034274405117812,0.0031723699485655264,0.0001696942281819445,0.0001333452937137263,9.157268425361716e-5,5.079295838967798e-5,0.006653766481077747,0.00014209736403402582,0.000199467527930732,0.000193775290686861,0.003995089036147498,0.00237265234530442,0.001664805617492929,-6.686919347028286e-5,-6.870708881647437e-6,8.725138879204988e-6,9.733312439637811e-5,0.0003849508919822992,0.005825016084555199,0.007886953290756516,0.007318866092091202,0.001069738404362673,0.008505501534795495,0.008311583880894818,0.006606329009947002,0.005793337056180038,-1.9271743875526734e-5,0.004924140909610446,-2.2446759118677123e-5,0.004921654652170785,0.00018260261426792873,-2.5375992304872054e-5,0.008521966923341085
-1.800686283581477e-5,3.717436410188943e-5,0.00038201907717309825,0.0004347412460783957,-0.00017616217965128546,-0.00014746517019506992,0.000296264154012243,0.00035052165675753753,0.00026154784298829494,0.002124550323543489,0.001317556753557972,0.0006741723272633526,0.00021276135342482318,0.0001583664128931638,0.0005411814596487078,0.00038648915262502135,2.114172911827734e-5,-3.0041192205002462e-5,0.0031204705352839753,0.003972398583613468,0.00019153053442829774,8.018509647658652e-5,0.00016560027818066683,0.00044643745228884613,0.00041625908464085914,-1.7486456679758284e-6,8.580602310563427e-5,0.0023450910571933855,0.004075452520067557,0.0030601877708266497,0.008241836610079876,0.007719342663134385,0.0006886188116773323,0.000752529217238963,0.0007433723638763836,0.0006675915496969383,0.0016718426270928087,-1.763642492261491e-5,0.00037450630397690624,0.0005567955738460983,0.00036738205397617187,0.006992265347693439,0.006104453619626589,-6.563040188697237e-5,-5.805695913879295e-5,-5.385909857474809e-5,-6.192907735405694e-6,-2.020670013529067e-5,0.0011158875344449955,0.0073557815332478595,0.007954384699419332,0.005111395862397629,0.005760020342214516,0.006606329009947,0.008390053636355975,0.008568746993488426,-8.976670901059495e-6,0.0006825066639564377,0.00022838020110562603,0.008530917264267902,0.00017052142522982404,9.032371855013909e-5,0.004866299541997153
-0.0001644150578754034,-0.00020388218653450226,0.0004624084995262825,0.0005363842420525667,-0.0001592410886277293,-0.00021393128908647443,0.0003481950619772651,0.0004461535467094899,0.0003348221245213101,0.0032461104044578964,0.0021716204482195287,0.0012642800164205973,0.000564955058533017,-0.0002037720190173682,0.0007257999059044944,0.00054088967014638,2.7309082722875993e-5,-0.00010792074080171294,0.0019260591324581709,0.0027577590086564664,0.00021326787922978344,0.0001033942857703702,0.00021289806356879055,0.0005583196964479563,0.0005258203607536153,-2.1355046447584292e-5,8.177836071855262e-5,0.0012322249969021258,0.005640407451687206,0.004427284653823902,0.009511564226314806,0.009235323132108264,0.000782387838438153,0.0009009216436208267,0.0009272076547701626,0.0008634171811323525,0.0006857479339330107,-0.00011368214434066926,0.00034006871289461943,0.0005854891419440116,-0.00013909671805564046,0.008665040663687286,0.007835779256867776,9.196876605334613e-5,-6.362067651612595e-5,-7.459288592765939e-5,-1.4106161322388873e-5,-5.3081408313837896e-5,0.0002842507087183529,0.0068295886287820535,0.007778194803396962,0.006803565064707153,0.004732762566338908,0.005793337056180044,0.008568746993488426,0.00917084046205667,1.5824449842802998e-5,1.5704253126221346e-5,0.00034054644962139936,0.009476462383204463,8.952258740181926e-5,0.0001565736812536283,0.0037051053694391865
1.6575000639638492e-5,2.4898063839850586e-5,0.005829115647846056,0.004928199543410137,-0.0001007479785698792,2.417609804957547e-5,0.0066575949013074395,0.0022317773658703417,0.0014758849684144088,8.081544370094184e-5,6.957517839450092e-6,-6.699402926197731e-5,-0.00012376501857764747,3.3767787227469936e-5,0.005790762652856301,0.00660389030117661,9.745733138230561e-5,9.553771255364908e-6,3.798136940330285e-5,2.447727544627029e-5,0.007372772359022154,0.00038546297729668275,0.0008515113465145589,0.003998862314963325,0.0030857648995287943,0.008328933159286345,0.007939220313426566,4.7567910454358586e-5,0.0001822582470822894,0.00014184562306165293,9.100636230339096e-5,0.00013275837108629816,0.002370797126837907,0.00317021312995623,0.0040318630390147525,0.004919109935224188,5.248009154510844e-5,0.0002520431052382896,0.0010685034884012413,0.0016632672729455487,4.21798526285479e-5,0.00016912346402540317,0.00019325587642162798,-0.00014257586421516597,0.008505532648524924,0.008522874576813373,1.0851114669640752e-6,4.30490156873266e-6,5.270271376828669e-5,-2.5444110462410268e-5,-2.2609413223231938e-5,0.00019903038350755468,-6.8543887826933305e-6,-1.927174387552678e-5,-8.976670901059432e-6,1.5824449842803486e-5,0.008310723973940833,4.890774637907025e-5,0.00731679399785056,5.029643471317778e-5,0.0005976408175438631,0.007885431701149128,8.72434535415055e-6
0.005310080130438963,0.007583754765358507,0.0003391374976996146,0.00040912174440146004,3.105544925451022e-5,-8.152276401509228e-5,0.00024047412190492004,0.00036334789887937905,0.0002760801606364402,0.0011621816937193456,0.0009913468762540983,0.0007473278260999299,0.0004766501292910212,0.009785608470709887,0.0005355312369150912,0.00043375130563177283,2.2960737760999282e-5,0.003206036934266648,0.012360369159458153,0.010767975012766006,0.0001314207777317242,8.660336088318259e-5,0.00017717524237661895,0.00043800973575897485,0.0004213308997363092,-3.562338660522813e-5,3.281914684721078e-5,0.01349232328527454,0.0011466067293189417,0.001221315374644957,-0.00028700616786792564,-7.170552405944352e-5,0.0003830109048748216,0.0005064118098135911,0.0005783295668542614,0.0005877156627190093,0.014034258788857683,-0.00010415396212578386,7.668772021463453e-5,0.00022994749914106996,0.011688779699485025,0.0002635530177029787,0.0006263605385671608,0.00022526130639461412,-3.0040010816470763e-5,-5.896065106327701e-5,0.0003877689714393958,0.0015010143403808881,0.013908271830419799,0.0031766346756407853,0.001741514406840099,0.0009389960692023471,0.006874403071925925,0.004924140909610444,0.0006825066639564398,1.570425312622271e-5,4.890774637907062e-5,0.013109642278788131,0.00030254103497208055,-0.0002865350952044131,-4.447184706481002e-5,0.00016625604354034975,0.00887975480215675
0.00017345711105035044,0.0002342754581297875,0.002347309308102481,0.0017463966565545567,0.0006450773954402162,0.0011898285937916285,0.0030327046774984634,0.0005296067304034002,0.00030731913890746487,-6.3362549317623e-5,-0.00013764078863237218,-0.00012835508960771608,-7.551933668883919e-6,0.0002810246818918552,0.007771436511923231,0.007948319943614827,1.511672033688688e-5,0.00010919045756622408,7.731895439661998e-5,1.33371115903829e-5,0.0037819053495844845,6.427055592881026e-5,0.00015718948911509247,0.0012420495661988836,0.0008378292289417356,0.005351415482582585,0.004566408017042544,0.0001498489074773303,0.00021102530350746246,6.325062712541012e-5,0.0005151253052286281,0.0005477710840659794,0.005304063767032518,0.006122710627870025,0.006831436466103645,0.007390957535306612,0.00021852536248898646,0.0018688557494854485,0.0035234746645159977,0.0044213602129011716,0.00030537231211111575,0.0005310735331560145,0.00046357643467719294,0.00024621121640435,0.006766229320938277,0.006098117277540147,1.3850199410049121e-5,5.265304544215225e-5,0.0002722339281765311,3.448103288781064e-5,0.00012156567191920561,0.00035191874356341673,-4.393837304330131e-5,-2.2446759118677232e-5,0.0002283802011056256,0.00034054644962140066,0.007316793997850562,0.00030254103497208087,0.007946129716503969,0.0004415492493368226,0.002658304492639864,0.007708917178846952,-3.0214160195747193e-5
-0.0001569376069171721,-0.00022625897501996205,0.0004977238038112795,0.0005882999802287358,-6.0049723509641874e-5,-0.0002358633716146918,0.00036367484767965886,0.0005039553229640158,0.00038020085007249127,0.004493046359051183,0.0031711556846354184,0.002003914317045194,0.001055706811085527,-0.000285876761163966,0.000863034167459132,0.0006669493662240592,3.126453746825696e-5,-9.258842142207875e-5,0.0010065132329890507,0.0017446384069641763,0.00020993209518013623,0.00011818200176959752,0.0002426917762705482,0.0006203500667286954,0.0005897736069339747,-4.214413596495257e-5,6.509458275238348e-5,0.0004504611652192199,0.007246442365198138,0.005884211790480352,0.01054000133583579,0.010556384255715428,0.0007881564882998179,0.0009609851694280866,0.0010308869167141054,0.000993630449543219,6.559001971141143e-5,-0.00020368207645863484,0.00024766822250702874,0.0005362604621198227,-0.0003148517125957445,0.010196822299927336,0.009487385459160811,0.00036454889285329875,-5.7822897050964383e-5,-8.794834502253034e-5,-1.0709464128244096e-5,-4.222870169600281e-5,-0.00017029664574366293,0.0061675410561476745,0.007398003111448196,0.008478631810734608,0.0037333083063760828,0.004921654652170788,0.008530917264267888,0.009476462383204461,5.029643471317809e-5,-0.0002865350952044126,0.00044154924933682263,0.01018566070371877,-2.06904780466317e-5,0.0002248040548722417,0.0026608125254378653
6.8358725260232194e-6,1.1823538846462102e-6,0.0009282975643434905,0.0011455244731173005,0.008888279961340938,0.010138471258909154,0.0006170517312624968,0.0010205978438034378,0.0007722393619079664,0.0021115659863663906,0.003244299832243973,0.004560724583753085,0.005998249815442646,-1.0404254267361918e-5,0.0056371345636881814,0.0040725052238821825,6.366077170170555e-5,7.229380636897399e-6,-2.7712270773861254e-5,1.5581654503127526e-5,0.0002688072099692092,0.000240528970925873,0.0004936170353480639,0.0012346078481207305,0.0011873583048834882,-0.00023670199256801332,-4.2858041325938184e-5,-5.4209896143757754e-5,0.0005262421151537123,0.0012009568311442617,-0.00013847789957130373,-0.0002310954483531568,0.011126070611878673,0.010099736528887111,0.008770434947561483,0.007243218076476862,-6.354338801789404e-5,0.0111182003364244,0.01197828462467376,0.011769564195689305,-2.6759468750468223e-5,-0.00025687171888196783,-0.00016910329749671475,0.007473464821918437,2.985032276771239e-5,-0.0002341893184693986,1.351035264476306e-6,4.51571552298693e-6,-5.8552985148954754e-5,0.00021356351939239671,0.00021194157538100437,7.861615102473914e-5,0.0001308311372595761,0.00018260261426792868,0.00017052142522982398,8.952258740181739e-5,0.0005976408175438614,-4.447184706481071e-5,0.002658304492639867,-2.069047804663331e-5,0.011770272794008196,0.0014811916453122582,7.125898999274276e-5
8.714265252154132e-5,0.00011949864183305892,0.003941578510911955,0.00318160003090544,0.0001721290330882905,0.00048406499934401025,0.00472028281867376,0.0012702010431656944,0.0008112263449003144,1.7650740421726513e-5,-6.95162100215893e-5,-0.00012101281738668244,-0.00011291361907449685,0.0001461357129496691,0.006824916594912025,0.0073514766709222015,5.00517374801384e-5,5.422342599755945e-5,6.0041169161698175e-5,2.2322705532998893e-5,0.005484807120090721,0.00020102222564975572,0.0004544285537144144,0.0024688655363779392,0.0018262212965758585,0.006829040894328777,0.006199672358935478,9.862565516973606e-5,0.00021290835273618644,0.00011812314079220023,0.0002854303048161636,0.0003288118152825647,0.003733781446401194,0.004576260370744623,0.005399937763092485,0.006162786009028064,0.0001321370755112968,0.0009210661393601843,0.0021525696923441026,0.0029135433708456612,0.00016270973059306424,0.00034665544283370197,0.0003334301452604092,-2.19417357555249e-5,0.007700954337022454,0.007339202259159674,6.78671871715439e-6,2.59299097304578e-5,0.00015573747397070256,-5.297588344068208e-6,3.435821058418371e-5,0.0002876690140820386,-2.5555889315800087e-5,-2.537599230487212e-5,9.032371855013933e-5,0.0001565736812536288,0.007885431701149132,0.00016625604354035027,0.007708917178846953,0.00022480405487224233,0.0014811916453122604,0.007910566291682275,-8.156425461934714e-6
0.0031015420074860414,0.0045502127989979855,-4.942434465669136e-5,-5.897463265770519e-5,0.0001246704732920819,0.00012760612949097805,-3.501679468840245e-5,-5.043611649249481e-5,-3.7954694376807995e-5,-0.0002073308591851174,-0.00012895071612895748,-4.1216342632845036e-5,3.73053379991829e-5,0.006069710621002139,-7.453863330513726e-5,-5.381190135405483e-5,-3.105171193135945e-6,0.001833751351994442,0.011288876785247638,0.011011898509438473,-1.8056702338357816e-5,-1.175074765306305e-5,-2.4173040166409482e-5,-6.230102428341554e-5,-5.9162372966501074e-5,1.1742161040827318e-5,-1.4552252042290225e-6,0.01120823150977076,-0.00023413148014559868,-0.0002519613643599239,0.0017670834553858298,0.0010429955635838008,-5.3497598299968026e-5,-7.870106470397279e-5,-9.005987337809409e-5,-8.788613406844145e-5,0.010765364159709693,0.00010747718723075048,2.7187698395303712e-5,-1.6645826137536023e-5,0.007548018469416993,0.000493520876131888,0.000110876234777953,9.451379790342203e-5,1.803676450743847e-5,1.8851023824157114e-5,0.00021633189779692667,0.0008455020729855075,0.009975048248402977,0.007338142387691359,0.006097007456676974,-0.00012312303171024944,0.00956984588171023,0.008521966923341092,0.004866299541997146,0.003705105369439177,8.724345354150559e-6,0.008879754802156747,-3.0214160195747166e-5,0.002660812525437864,7.125898999274285e-5,-8.15642546193475e-6,0.010442871388007686
